,epoch,train_loss,val_loss,train_acc,val_acc
0,0.0,0.602476218117608,0.6866253315807579,0.6784444444444445,0.5808383233532933
0,1.0,0.5632485968536801,0.7424675071548797,0.7046666666666667,0.5948103792415169
0,2.0,0.5250270613034567,0.8201097339213251,0.7375555555555556,0.5888223552894211
