,epoch,train_loss,val_loss,train_acc,val_acc
0,0.0,1.7522641068564522,1.7779437163156901,0.2288888888888889,0.21956087824351295
0,1.0,1.6312431082195706,1.784878307949759,0.28711111111111115,0.26347305389221554
