,epoch,train_loss,val_loss,train_acc,val_acc
0,0.0,3.2189214600457086,3.2142922292926355,0.042222222222222223,0.03992015968063872
0,1.0,3.211155111948649,3.2094635002151457,0.054,0.03393213572854291
